iso2c,country,year,fert_consump
AF,Afghanistan,2005,4.24
AL,Albania,2005,111.6
DZ,Algeria,2005,7.43
AO,Angola,2005,2.26
AG,Antigua and Barbuda,2005,6
1A,Arab World,2005,68.81
AR,Argentina,2005,36.4
AM,Armenia,2005,22.69
AU,Australia,2005,44.85
AT,Austria,2005,135.72
AZ,Azerbaijan,2005,13.36
BH,Bahrain,2005,2906.67
BD,Bangladesh,2005,197.75
BB,Barbados,2005,109.08
BY,Belarus,2005,167.7
BE,Belgium,2005,329.14
BZ,Belize,2005,81
BJ,Benin,2005,0.45
BT,Bhutan,2005,7.56
BO,Bolivia,2005,6.47
BA,Bosnia and Herzegovina,2005,24.64
BR,Brazil,2005,120.1
BN,Brunei Darussalam,2005,308.5
BG,Bulgaria,2005,74.23
BF,Burkina Faso,2005,15.24
BI,Burundi,2005,3.55
KH,Cambodia,2005,8.11
CM,Cameroon,2005,8
CA,Canada,2005,61.82
S3,Caribbean small states,2005,57.87
B8,Central Europe and the Baltics,2005,106.61
CL,Chile,2005,434.76
CN,China,2005,423.41
CO,Colombia,2005,445.13
CD,"Congo, Dem. Rep.",2005,0.07
CG,"Congo, Rep.",2005,0.07
CR,Costa Rica,2005,980.88
CI,Cote d'Ivoire,2005,17.78
HR,Croatia,2005,294.51
CU,Cuba,2005,22.38
CY,Cyprus,2005,108.98
CZ,Czech Republic,2005,89.56
DK,Denmark,2005,137.12
DM,Dominica,2005,207.8
DO,Dominican Republic,2005,58.24
V2,Early-demographic dividend,2005,100.42
Z4,East Asia & Pacific,2005,269.54
EC,Ecuador,2005,150.83
EG,"Egypt, Arab Rep.",2005,672.88
SV,El Salvador,2005,130.6
EE,Estonia,2005,60.95
ET,Ethiopia,2005,10.9
XC,Euro area,2005,179.39
Z7,Europe & Central Asia,2005,70.03
7E,Europe & Central Asia (excluding high income),2005,25.66
T7,Europe & Central Asia (IDA & IBRD countries),2005,33.34
EU,European Union,2005,160.18
FJ,Fiji,2005,39.18
FI,Finland,2005,134.22
FR,France,2005,192.46
PF,French Polynesia,2005,251.33
GA,Gabon,2005,8.34
GM,"Gambia, The",2005,9.76
GE,Georgia,2005,53.29
DE,Germany,2005,208.76
GH,Ghana,2005,6
GR,Greece,2005,143.04
GT,Guatemala,2005,141.69
GN,Guinea,2005,0.92
GY,Guyana,2005,22.1
XE,Heavily indebted poor countries (HIPC),2005,8.16
XD,High income,2005,119.64
HN,Honduras,2005,160.85
HK,"Hong Kong SAR, China",2005,365.8
HU,Hungary,2005,85.2
XF,IBRD only,2005,135.61
IS,Iceland,2005,133.56
ZT,IDA & IBRD total,2005,110.89
XH,IDA blend,2005,51.28
XI,IDA only,2005,20.2
XG,IDA total,2005,31.11
IN,India,2005,127.61
ID,Indonesia,2005,143.99
IR,"Iran, Islamic Rep.",2005,95.05
IQ,Iraq,2005,41.61
IE,Ireland,2005,458.04
IL,Israel,2005,292.6
IT,Italy,2005,171.75
JM,Jamaica,2005,115.84
JP,Japan,2005,347.97
JO,Jordan,2005,784.02
KZ,Kazakhstan,2005,1.43
KE,Kenya,2005,34.33
KR,"Korea, Rep.",2005,643.36
KW,Kuwait,2005,4349.09
KG,Kyrgyz Republic,2005,24.63
V3,Late-demographic dividend,2005,169.7
ZJ,Latin America & Caribbean,2005,97
XJ,Latin America & Caribbean (excluding high income),2005,109.29
T2,Latin America & the Caribbean (IDA & IBRD countries),2005,98.79
LV,Latvia,2005,68.04
LB,Lebanon,2005,313.76
LY,Libya,2005,67.13
LT,Lithuania,2005,97.56
XO,Low & middle income,2005,111.79
XM,Low income,2005,10.58
XN,Lower middle income,2005,93.84
LU,Luxembourg,2005,313.15
MK,"Macedonia, FYR",2005,62.02
MG,Madagascar,2005,5.45
MW,Malawi,2005,30.49
MY,Malaysia,2005,1457.36
MV,Maldives,2005,29.67
ML,Mali,2005,15.69
MT,Malta,2005,105.61
MU,Mauritius,2005,352.15
MX,Mexico,2005,79.19
ZQ,Middle East & North Africa,2005,100.73
XQ,Middle East & North Africa (excluding high income),2005,98.04
T3,Middle East & North Africa (IDA & IBRD countries),2005,98.04
XP,Middle income,2005,124.08
MD,Moldova,2005,9
MN,Mongolia,2005,5.26
MA,Morocco,2005,63.79
MZ,Mozambique,2005,1.43
MM,Myanmar,2005,6.52
"NA",Namibia,2005,1.91
NP,Nepal,2005,3.57
NL,Netherlands,2005,337.81
NC,New Caledonia,2005,282.5
NZ,New Zealand,2005,2718.69
NI,Nicaragua,2005,28.11
NE,Niger,2005,0.39
NG,Nigeria,2005,7.2
XU,North America,2005,106.38
NO,Norway,2005,218.87
OE,OECD members,2005,120.93
OM,Oman,2005,1365.82
PK,Pakistan,2005,123.48
PA,Panama,2005,34.42
PG,Papua New Guinea,2005,71.41
PY,Paraguay,2005,65.76
PE,Peru,2005,76.72
PH,Philippines,2005,152.16
PL,Poland,2005,161.94
PT,Portugal,2005,207.12
V4,Post-demographic dividend,2005,113.16
V1,Pre-demographic dividend,2005,8.39
QA,Qatar,2005,633.53
RO,Romania,2005,51.35
RU,Russian Federation,2005,11.79
RW,Rwanda,2005,3.14
WS,Samoa,2005,3.36
SA,Saudi Arabia,2005,93.9
SN,Senegal,2005,9.87
SC,Seychelles,2005,34
SG,Singapore,2005,13753.03
SK,Slovak Republic,2005,80.5
SI,Slovenia,2005,329.55
ZA,South Africa,2005,47.33
8S,South Asia,2005,124.29
T5,South Asia (IDA & IBRD),2005,124.29
ES,Spain,2005,142.14
LK,Sri Lanka,2005,255.29
KN,St. Kitts and Nevis,2005,13.85
ZG,Sub-Saharan Africa,2005,10.95
ZF,Sub-Saharan Africa (excluding high income),2005,10.95
T6,Sub-Saharan Africa (IDA & IBRD countries),2005,10.95
SD,Sudan,2005,2.68
SR,Suriname,2005,106.37
SE,Sweden,2005,87.9
CH,Switzerland,2005,227.96
SY,Syrian Arab Republic,2005,84.95
TJ,Tajikistan,2005,37.82
TZ,Tanzania,2005,5.75
TH,Thailand,2005,112.73
TG,Togo,2005,9.68
TO,Tonga,2005,95
TT,Trinidad and Tobago,2005,160.84
TN,Tunisia,2005,64.09
TR,Turkey,2005,86.76
UG,Uganda,2005,0.97
UA,Ukraine,2005,17.19
AE,United Arab Emirates,2005,218.54
GB,United Kingdom,2005,272.82
US,United States,2005,118.6
XT,Upper middle income,2005,148.13
UY,Uruguay,2005,140.56
VE,"Venezuela, RB",2005,166.75
VN,Vietnam,2005,292.27
1W,World,2005,114.11
YE,"Yemen, Rep.",2005,3.81
ZM,Zambia,2005,27.98
ZW,Zimbabwe,2005,21.8
AF,Afghanistan,2006,6.29
AL,Albania,2006,85.09
DZ,Algeria,2006,13.26
AO,Angola,2006,3.66
AG,Antigua and Barbuda,2006,4.5
1A,Arab World,2006,59.43
AR,Argentina,2006,41.41
AM,Armenia,2006,27.84
AU,Australia,2006,43.46
AT,Austria,2006,130.7
AZ,Azerbaijan,2006,13.34
BH,Bahrain,2006,9436.55
BD,Bangladesh,2006,193.19
BB,Barbados,2006,139
BY,Belarus,2006,231.97
BE,Belgium,2006,316.45
BZ,Belize,2006,89.26
BJ,Benin,2006,0.01
BT,Bhutan,2006,7.62
BO,Bolivia,2006,3.96
BA,Bosnia and Herzegovina,2006,15.48
BR,Brazil,2006,124.03
BN,Brunei Darussalam,2006,66
BG,Bulgaria,2006,73.94
BF,Burkina Faso,2006,13.4
BI,Burundi,2006,3.34
KH,Cambodia,2006,8
CM,Cameroon,2006,9.03
CA,Canada,2006,46.99
S3,Caribbean small states,2006,87.92
B8,Central Europe and the Baltics,2006,108.36
CL,Chile,2006,475.81
CN,China,2006,452.05
CO,Colombia,2006,571.25
CD,"Congo, Dem. Rep.",2006,0.45
CG,"Congo, Rep.",2006,0.05
CR,Costa Rica,2006,826.7
CI,Cote d'Ivoire,2006,22.77
HR,Croatia,2006,380.79
CU,Cuba,2006,32.12
CY,Cyprus,2006,109.03
CZ,Czech Republic,2006,94.27
DK,Denmark,2006,138.58
DM,Dominica,2006,134.2
DO,Dominican Republic,2006,80.47
V2,Early-demographic dividend,2006,105.11
Z4,East Asia & Pacific,2006,282.75
EC,Ecuador,2006,207.79
EG,"Egypt, Arab Rep.",2006,492.12
SV,El Salvador,2006,108.77
EE,Estonia,2006,75.65
ET,Ethiopia,2006,11.13
XC,Euro area,2006,174.52
Z7,Europe & Central Asia,2006,72.69
7E,Europe & Central Asia (excluding high income),2006,31.81
T7,Europe & Central Asia (IDA & IBRD countries),2006,39.28
EU,European Union,2006,156.83
FJ,Fiji,2006,25.12
FI,Finland,2006,134.5
FR,France,2006,190.38
PF,French Polynesia,2006,262
GA,Gabon,2006,8.46
GM,"Gambia, The",2006,10.83
GE,Georgia,2006,47.53
DE,Germany,2006,194.42
GH,Ghana,2006,20.06
GR,Greece,2006,124.63
GT,Guatemala,2006,136.04
GN,Guinea,2006,0.88
GY,Guyana,2006,32.58
XE,Heavily indebted poor countries (HIPC),2006,9.1
XD,High income,2006,119.47
HN,Honduras,2006,188.84
HK,"Hong Kong SAR, China",2006,390
HU,Hungary,2006,99.2
XF,IBRD only,2006,142.03
IS,Iceland,2006,167.82
ZT,IDA & IBRD total,2006,116.1
XH,IDA blend,2006,58.75
XI,IDA only,2006,21.06
XG,IDA total,2006,34.81
IN,India,2006,136.4
ID,Indonesia,2006,158.02
IR,"Iran, Islamic Rep.",2006,113.96
IQ,Iraq,2006,46.25
IE,Ireland,2006,431.88
IL,Israel,2006,304.95
IT,Italy,2006,177.03
JM,Jamaica,2006,63.52
JP,Japan,2006,332.83
JO,Jordan,2006,693.47
KZ,Kazakhstan,2006,1.45
KE,Kenya,2006,33.15
KR,"Korea, Rep.",2006,469.85
KW,Kuwait,2006,2090.91
KG,Kyrgyz Republic,2006,22.2
V3,Late-demographic dividend,2006,176.45
ZJ,Latin America & Caribbean,2006,99.48
XJ,Latin America & Caribbean (excluding high income),2006,111.59
T2,Latin America & the Caribbean (IDA & IBRD countries),2006,101.05
LV,Latvia,2006,62.66
LB,Lebanon,2006,297.87
LY,Libya,2006,42.31
LT,Lithuania,2006,102.17
XO,Low & middle income,2006,117.14
XM,Low income,2006,11.54
XN,Lower middle income,2006,97.99
LU,Luxembourg,2006,293.63
MK,"Macedonia, FYR",2006,57.47
MG,Madagascar,2006,2.47
MW,Malawi,2006,36.82
MY,Malaysia,2006,1662.1
MV,Maldives,2006,117.67
ML,Mali,2006,17.5
MT,Malta,2006,148
MU,Mauritius,2006,257.87
MX,Mexico,2006,69.03
ZQ,Middle East & North Africa,2006,97.17
XQ,Middle East & North Africa (excluding high income),2006,93.81
T3,Middle East & North Africa (IDA & IBRD countries),2006,93.81
XP,Middle income,2006,129.99
MD,Moldova,2006,8.46
MN,Mongolia,2006,9.36
MA,Morocco,2006,60.17
MZ,Mozambique,2006,4.64
MM,Myanmar,2006,9.02
"NA",Namibia,2006,2.85
NP,Nepal,2006,5.64
NL,Netherlands,2006,353.15
NC,New Caledonia,2006,240
NZ,New Zealand,2006,2494.98
NI,Nicaragua,2006,32.63
NE,Niger,2006,0.53
NG,Nigeria,2006,10.04
XU,North America,2006,108.81
NO,Norway,2006,216.42
OE,OECD members,2006,120.11
OM,Oman,2006,1063.62
PK,Pakistan,2006,125.73
PA,Panama,2006,38.4
PG,Papua New Guinea,2006,58.89
PY,Paraguay,2006,72.72
PE,Peru,2006,85.42
PH,Philippines,2006,138.56
PL,Poland,2006,159.34
PT,Portugal,2006,135.29
V4,Post-demographic dividend,2006,114.05
V1,Pre-demographic dividend,2006,9.31
QA,Qatar,2006,0
RO,Romania,2006,40.6
RU,Russian Federation,2006,12.48
RW,Rwanda,2006,3.52
WS,Samoa,2006,2.31
SA,Saudi Arabia,2006,98.78
SN,Senegal,2006,2.31
SC,Seychelles,2006,11
SG,Singapore,2006,16532.31
SK,Slovak Republic,2006,91.78
SI,Slovenia,2006,322.01
ZA,South Africa,2006,62.34
8S,South Asia,2006,131.39
T5,South Asia (IDA & IBRD),2006,131.39
ES,Spain,2006,142.33
LK,Sri Lanka,2006,291.32
KN,St. Kitts and Nevis,2006,22.61
ZG,Sub-Saharan Africa,2006,13.06
ZF,Sub-Saharan Africa (excluding high income),2006,13.06
T6,Sub-Saharan Africa (IDA & IBRD countries),2006,13.06
SD,Sudan,2006,2.55
SR,Suriname,2006,183.33
SE,Sweden,2006,86.42
CH,Switzerland,2006,228.65
SY,Syrian Arab Republic,2006,84.54
TJ,Tajikistan,2006,73.95
TZ,Tanzania,2006,5.4
TH,Thailand,2006,117.4
TG,Togo,2006,5.48
TO,Tonga,2006,45.88
TT,Trinidad and Tobago,2006,939.8
TN,Tunisia,2006,34.54
TR,Turkey,2006,91.84
UG,Uganda,2006,1.25
UA,Ukraine,2006,21.55
AE,United Arab Emirates,2006,911.46
GB,United Kingdom,2006,254.18
US,United States,2006,126.2
XT,Upper middle income,2006,155.81
UY,Uruguay,2006,148.7
VE,"Venezuela, RB",2006,122.72
VN,Vietnam,2006,300.17
1W,World,2006,117.82
YE,"Yemen, Rep.",2006,8.42
ZM,Zambia,2006,25.68
ZW,Zimbabwe,2006,32.36
AF,Afghanistan,2007,3.62
AL,Albania,2007,87.17
DZ,Algeria,2007,14.96
AO,Angola,2007,3.31
AG,Antigua and Barbuda,2007,0.5
1A,Arab World,2007,61.66
AR,Argentina,2007,49.26
AM,Armenia,2007,15.33
AU,Australia,2007,46.81
AT,Austria,2007,110.27
AZ,Azerbaijan,2007,10.64
BH,Bahrain,2007,798.57
BD,Bangladesh,2007,184.41
BB,Barbados,2007,133.62
BY,Belarus,2007,218.35
BE,Belgium,2007,316.39
BZ,Belize,2007,60.87
BJ,Benin,2007,0.25
BT,Bhutan,2007,9.01
BO,Bolivia,2007,5.89
BA,Bosnia and Herzegovina,2007,21.3
BR,Brazil,2007,165.17
BN,Brunei Darussalam,2007,377
BG,Bulgaria,2007,102.01
BF,Burkina Faso,2007,10.1
BI,Burundi,2007,2.02
KH,Cambodia,2007,8.99
CM,Cameroon,2007,8.62
CA,Canada,2007,68.6
S3,Caribbean small states,2007,48.09
B8,Central Europe and the Baltics,2007,120.12
CL,Chile,2007,534.1
CN,China,2007,469.35
CO,Colombia,2007,544.29
CD,"Congo, Dem. Rep.",2007,0.63
CG,"Congo, Rep.",2007,0.36
CR,Costa Rica,2007,790.2
CI,Cote d'Ivoire,2007,23.99
HR,Croatia,2007,410.06
CU,Cuba,2007,35.7
CY,Cyprus,2007,109.84
CZ,Czech Republic,2007,100.17
DK,Denmark,2007,142.41
DM,Dominica,2007,276
DO,Dominican Republic,2007,94.76
V2,Early-demographic dividend,2007,108.91
Z4,East Asia & Pacific,2007,301.17
EC,Ecuador,2007,199.11
EG,"Egypt, Arab Rep.",2007,521.79
SV,El Salvador,2007,152.61
EE,Estonia,2007,75.87
ET,Ethiopia,2007,16.04
XC,Euro area,2007,186.97
Z7,Europe & Central Asia,2007,77.53
7E,Europe & Central Asia (excluding high income),2007,33.94
T7,Europe & Central Asia (IDA & IBRD countries),2007,42.17
EU,European Union,2007,169
FJ,Fiji,2007,23.94
FI,Finland,2007,123.5
FR,France,2007,209.34
PF,French Polynesia,2007,279.67
GA,Gabon,2007,9.06
GM,"Gambia, The",2007,8.98
GE,Georgia,2007,41.34
DE,Germany,2007,221.87
GH,Ghana,2007,17.76
GR,Greece,2007,96.9
GT,Guatemala,2007,123.77
GN,Guinea,2007,1.21
GY,Guyana,2007,32.65
XE,Heavily indebted poor countries (HIPC),2007,10
XD,High income,2007,125.63
HN,Honduras,2007,178
HK,"Hong Kong SAR, China",2007,421
HU,Hungary,2007,110.41
XF,IBRD only,2007,152.08
IS,Iceland,2007,194.17
ZT,IDA & IBRD total,2007,123.02
XH,IDA blend,2007,53.89
XI,IDA only,2007,21.52
XG,IDA total,2007,33.16
IN,India,2007,142.84
ID,Indonesia,2007,181.46
IR,"Iran, Islamic Rep.",2007,90.04
IQ,Iraq,2007,37.57
IE,Ireland,2007,427.52
IL,Israel,2007,345
IT,Italy,2007,190.23
JM,Jamaica,2007,36.22
JP,Japan,2007,350.47
JO,Jordan,2007,1007.78
KZ,Kazakhstan,2007,2.06
KE,Kenya,2007,36.4
KR,"Korea, Rep.",2007,511.04
KW,Kuwait,2007,0
KG,Kyrgyz Republic,2007,22.45
V3,Late-demographic dividend,2007,191.21
ZJ,Latin America & Caribbean,2007,119.9
XJ,Latin America & Caribbean (excluding high income),2007,137.17
T2,Latin America & the Caribbean (IDA & IBRD countries),2007,121.83
LV,Latvia,2007,67.72
LB,Lebanon,2007,320.1
LY,Libya,2007,60.96
LT,Lithuania,2007,90.07
XO,Low & middle income,2007,123.99
XM,Low income,2007,12.19
XN,Lower middle income,2007,102.41
LU,Luxembourg,2007,276.41
MK,"Macedonia, FYR",2007,67.12
MG,Madagascar,2007,3.19
MW,Malawi,2007,41.72
MY,Malaysia,2007,1836.52
MV,Maldives,2007,87.33
ML,Mali,2007,31.05
MT,Malta,2007,110.75
MU,Mauritius,2007,282.22
MX,Mexico,2007,75.04
ZQ,Middle East & North Africa,2007,92.47
XQ,Middle East & North Africa (excluding high income),2007,86.76
T3,Middle East & North Africa (IDA & IBRD countries),2007,86.76
XP,Middle income,2007,137.92
MD,Moldova,2007,11.02
MN,Mongolia,2007,8.56
MA,Morocco,2007,58.83
MZ,Mozambique,2007,2.66
MM,Myanmar,2007,15.77
"NA",Namibia,2007,2.46
NP,Nepal,2007,1.61
NL,Netherlands,2007,302.14
NC,New Caledonia,2007,267.65
NZ,New Zealand,2007,2304.61
NI,Nicaragua,2007,31.47
NE,Niger,2007,0.35
NG,Nigeria,2007,4.21
XU,North America,2007,111.44
NO,Norway,2007,220.42
OE,OECD members,2007,126.1
OM,Oman,2007,363.75
PK,Pakistan,2007,118.42
PA,Panama,2007,34.09
PG,Papua New Guinea,2007,75.85
PY,Paraguay,2007,94.31
PE,Peru,2007,100.56
PH,Philippines,2007,159.31
PL,Poland,2007,181.17
PT,Portugal,2007,199.91
V4,Post-demographic dividend,2007,119.8
V1,Pre-demographic dividend,2007,8.25
QA,Qatar,2007,5413.85
RO,Romania,2007,44.64
RU,Russian Federation,2007,14.25
RW,Rwanda,2007,7.91
WS,Samoa,2007,3.8
SA,Saudi Arabia,2007,118.82
SN,Senegal,2007,2.15
SC,Seychelles,2007,30
SG,Singapore,2007,16242.86
SK,Slovak Republic,2007,89.95
SI,Slovenia,2007,324.53
ZA,South Africa,2007,61.02
8S,South Asia,2007,134.7
T5,South Asia (IDA & IBRD),2007,134.7
ES,Spain,2007,157.72
LK,Sri Lanka,2007,288.52
KN,St. Kitts and Nevis,2007,12.53
ZG,Sub-Saharan Africa,2007,12.53
ZF,Sub-Saharan Africa (excluding high income),2007,12.53
T6,Sub-Saharan Africa (IDA & IBRD countries),2007,12.53
SD,Sudan,2007,3.59
SR,Suriname,2007,149.43
SE,Sweden,2007,89.47
CH,Switzerland,2007,229.9
SY,Syrian Arab Republic,2007,80.65
TJ,Tajikistan,2007,74.13
TZ,Tanzania,2007,5.07
TH,Thailand,2007,124.95
TG,Togo,2007,6.28
TO,Tonga,2007,9.5
TT,Trinidad and Tobago,2007,67.84
TN,Tunisia,2007,27.12
TR,Turkey,2007,90.34
UG,Uganda,2007,1.2
UA,Ukraine,2007,27.64
AE,United Arab Emirates,2007,1104.93
GB,United Kingdom,2007,254.07
US,United States,2007,123.27
XT,Upper middle income,2007,166.77
UY,Uruguay,2007,139.51
VE,"Venezuela, RB",2007,135.5
VN,Vietnam,2007,353.01
1W,World,2007,124.47
YE,"Yemen, Rep.",2007,21.41
ZM,Zambia,2007,32.33
ZW,Zimbabwe,2007,27.04
AF,Afghanistan,2008,2.99
AL,Albania,2008,75.88
DZ,Algeria,2008,8.58
AO,Angola,2008,8.26
AG,Antigua and Barbuda,2008,3.5
1A,Arab World,2008,64.88
AR,Argentina,2008,35.21
AM,Armenia,2008,18.15
AU,Australia,2008,42.6
AT,Austria,2008,110.05
AZ,Azerbaijan,2008,20.94
BH,Bahrain,2008,1993.33
BD,Bangladesh,2008,200.06
BB,Barbados,2008,135.15
BY,Belarus,2008,237.42
BE,Belgium,2008,328.91
BZ,Belize,2008,49.76
BJ,Benin,2008,0.31
BT,Bhutan,2008,11.66
BO,Bolivia,2008,4.71
BA,Bosnia and Herzegovina,2008,11.87
BR,Brazil,2008,141.84
BN,Brunei Darussalam,2008,112.67
BG,Bulgaria,2008,111.24
BF,Burkina Faso,2008,9.53
BI,Burundi,2008,2.17
KH,Cambodia,2008,7.64
CM,Cameroon,2008,6.56
CA,Canada,2008,63.96
S3,Caribbean small states,2008,114.62
B8,Central Europe and the Baltics,2008,112.62
CL,Chile,2008,687.24
CN,China,2008,482.88
CO,Colombia,2008,486.73
CD,"Congo, Dem. Rep.",2008,0.94
CG,"Congo, Rep.",2008,0.75
CR,Costa Rica,2008,707.48
CI,Cote d'Ivoire,2008,18.21
HR,Croatia,2008,495.23
CU,Cuba,2008,43.58
CY,Cyprus,2008,112.01
CZ,Czech Republic,2008,87.26
DK,Denmark,2008,147.68
DM,Dominica,2008,44.6
DO,Dominican Republic,2008,80.4
V2,Early-demographic dividend,2008,109.51
Z4,East Asia & Pacific,2008,301.12
EC,Ecuador,2008,214.12
EG,"Egypt, Arab Rep.",2008,696.59
SV,El Salvador,2008,127.9
EE,Estonia,2008,100.36
ET,Ethiopia,2008,17.2
XC,Euro area,2008,143.97
Z7,Europe & Central Asia,2008,67.51
7E,Europe & Central Asia (excluding high income),2008,33.73
T7,Europe & Central Asia (IDA & IBRD countries),2008,41.28
EU,European Union,2008,138.38
FJ,Fiji,2008,41.12
FI,Finland,2008,130.58
FR,France,2008,152.45
PF,French Polynesia,2008,307.33
GA,Gabon,2008,10.52
GM,"Gambia, The",2008,4.26
GE,Georgia,2008,37.53
DE,Germany,2008,159.58
GH,Ghana,2008,14.55
GR,Greece,2008,119.05
GT,Guatemala,2008,92.01
GN,Guinea,2008,1.3
GY,Guyana,2008,56.8
XE,Heavily indebted poor countries (HIPC),2008,9.13
XD,High income,2008,109.05
HN,Honduras,2008,107.73
HK,"Hong Kong SAR, China",2008,99
HU,Hungary,2008,96.7
XF,IBRD only,2008,152.68
IS,Iceland,2008,199.88
ZT,IDA & IBRD total,2008,123.15
XH,IDA blend,2008,54.42
XI,IDA only,2008,20.87
XG,IDA total,2008,32.66
IN,India,2008,153.35
ID,Indonesia,2008,184.53
IR,"Iran, Islamic Rep.",2008,99.85
IQ,Iraq,2008,56.94
IE,Ireland,2008,378.11
IL,Israel,2008,280.61
IT,Italy,2008,143.48
JM,Jamaica,2008,37.64
JP,Japan,2008,278.23
JO,Jordan,2008,337.44
KZ,Kazakhstan,2008,1.08
KE,Kenya,2008,33.29
KR,"Korea, Rep.",2008,441.05
KW,Kuwait,2008,1261.95
KG,Kyrgyz Republic,2008,18.97
V3,Late-demographic dividend,2008,189.25
ZJ,Latin America & Caribbean,2008,103.24
XJ,Latin America & Caribbean (excluding high income),2008,116.76
T2,Latin America & the Caribbean (IDA & IBRD countries),2008,104.57
LV,Latvia,2008,66.95
LB,Lebanon,2008,219.59
LY,Libya,2008,27.27
LT,Lithuania,2008,86.68
XO,Low & middle income,2008,124.59
XM,Low income,2008,11.89
XN,Lower middle income,2008,107.38
LU,Luxembourg,2008,250.52
MK,"Macedonia, FYR",2008,56.16
MG,Madagascar,2008,4.14
MW,Malawi,2008,34.87
MY,Malaysia,2008,2026.9
MV,Maldives,2008,16.75
ML,Mali,2008,22.48
MT,Malta,2008,74
MU,Mauritius,2008,228.78
MX,Mexico,2008,52.16
ZQ,Middle East & North Africa,2008,99.07
XQ,Middle East & North Africa (excluding high income),2008,98.34
T3,Middle East & North Africa (IDA & IBRD countries),2008,98.34
XP,Middle income,2008,139.1
MD,Moldova,2008,12.45
MN,Mongolia,2008,8.32
MA,Morocco,2008,53.83
MZ,Mozambique,2008,11.42
MM,Myanmar,2008,7.61
"NA",Namibia,2008,0.29
NP,Nepal,2008,1.36
NL,Netherlands,2008,267.71
NC,New Caledonia,2008,199.41
NZ,New Zealand,2008,1726.61
NI,Nicaragua,2008,27.11
NE,Niger,2008,0.15
NG,Nigeria,2008,5.88
XU,North America,2008,102.02
NO,Norway,2008,213.56
OE,OECD members,2008,108.74
OM,Oman,2008,724.1
PK,Pakistan,2008,119.15
PA,Panama,2008,35.81
PG,Papua New Guinea,2008,70.7
PY,Paraguay,2008,74.7
PE,Peru,2008,74.07
PH,Philippines,2008,104.97
PL,Poland,2008,157.72
PT,Portugal,2008,155.49
V4,Post-demographic dividend,2008,105.52
V1,Pre-demographic dividend,2008,8.71
QA,Qatar,2008,231.07
RO,Romania,2008,45.64
RU,Russian Federation,2008,15.88
RW,Rwanda,2008,9.62
WS,Samoa,2008,5.44
SA,Saudi Arabia,2008,77.6
SN,Senegal,2008,2.3
SC,Seychelles,2008,34
SG,Singapore,2008,16266.67
SK,Slovak Republic,2008,75.08
SI,Slovenia,2008,279.84
ZA,South Africa,2008,56.29
8S,South Asia,2008,143.78
T5,South Asia (IDA & IBRD),2008,143.78
ES,Spain,2008,106.54
LK,Sri Lanka,2008,311.71
KN,St. Kitts and Nevis,2008,20.5
ZG,Sub-Saharan Africa,2008,12.25
ZF,Sub-Saharan Africa (excluding high income),2008,12.25
T6,Sub-Saharan Africa (IDA & IBRD countries),2008,12.25
SD,Sudan,2008,3.84
SR,Suriname,2008,548.66
SE,Sweden,2008,99.16
CH,Switzerland,2008,227.27
SY,Syrian Arab Republic,2008,87.99
TJ,Tajikistan,2008,70.45
TZ,Tanzania,2008,4.68
TH,Thailand,2008,130.52
TG,Togo,2008,0
TO,Tonga,2008,10.12
TT,Trinidad and Tobago,2008,868
TN,Tunisia,2008,34.38
TR,Turkey,2008,71.97
UG,Uganda,2008,2.94
UA,Ukraine,2008,32.79
AE,United Arab Emirates,2008,423.64
GB,United Kingdom,2008,208.16
US,United States,2008,112.43
XT,Upper middle income,2008,164.92
UY,Uruguay,2008,104.41
VE,"Venezuela, RB",2008,177.97
VN,Vietnam,2008,305.7
1W,World,2008,120.09
YE,"Yemen, Rep.",2008,14.63
ZM,Zambia,2008,38.66
ZW,Zimbabwe,2008,21.99
AF,Afghanistan,2009,4.52
AL,Albania,2009,89.39
DZ,Algeria,2009,13.99
AO,Angola,2009,5.47
AG,Antigua and Barbuda,2009,13.25
1A,Arab World,2009,56.94
AR,Argentina,2009,22.98
AM,Armenia,2009,29.67
AU,Australia,2009,36.25
AT,Austria,2009,83.41
AZ,Azerbaijan,2009,13.41
BH,Bahrain,2009,947.79
BD,Bangladesh,2009,188.85
BB,Barbados,2009,77
BY,Belarus,2009,281.11
BE,Belgium,2009,246.25
BZ,Belize,2009,121.44
BJ,Benin,2009,6.68
BT,Bhutan,2009,23.96
BO,Bolivia,2009,5.16
BA,Bosnia and Herzegovina,2009,72.71
BR,Brazil,2009,118.26
BN,Brunei Darussalam,2009,103
BG,Bulgaria,2009,104.6
BF,Burkina Faso,2009,9.45
BI,Burundi,2009,1.86
KH,Cambodia,2009,10.1
CM,Cameroon,2009,7
CA,Canada,2009,62.21
S3,Caribbean small states,2009,58.03
B8,Central Europe and the Baltics,2009,96.57
CL,Chile,2009,612.42
CN,China,2009,498.85
CO,Colombia,2009,497.27
CD,"Congo, Dem. Rep.",2009,0.8
CG,"Congo, Rep.",2009,4.58
CR,Costa Rica,2009,753.24
CI,Cote d'Ivoire,2009,15.31
HR,Croatia,2009,164.68
CU,Cuba,2009,17.6
CY,Cyprus,2009,181.45
CZ,Czech Republic,2009,88.52
DK,Denmark,2009,102.92
DM,Dominica,2009,58.17
DO,Dominican Republic,2009,80.56
V2,Early-demographic dividend,2009,115.37
Z4,East Asia & Pacific,2009,302.55
EC,Ecuador,2009,187.28
EG,"Egypt, Arab Rep.",2009,502.83
SV,El Salvador,2009,117.32
EE,Estonia,2009,69.41
ET,Ethiopia,2009,17.66
XC,Euro area,2009,128.82
Z7,Europe & Central Asia,2009,65.79
7E,Europe & Central Asia (excluding high income),2009,37.91
T7,Europe & Central Asia (IDA & IBRD countries),2009,43.62
EU,European Union,2009,124.67
FJ,Fiji,2009,21.81
FI,Finland,2009,107.98
FR,France,2009,120.56
PF,French Polynesia,2009,272.4
GA,Gabon,2009,12.02
GM,"Gambia, The",2009,6.34
GE,Georgia,2009,43.25
DE,Germany,2009,181.41
GH,Ghana,2009,18.98
GR,Greece,2009,63.1
GT,Guatemala,2009,127.07
GN,Guinea,2009,0.63
GY,Guyana,2009,20.25
XE,Heavily indebted poor countries (HIPC),2009,8.69
XD,High income,2009,99.58
HN,Honduras,2009,62.32
HK,"Hong Kong SAR, China",2009,38
HU,Hungary,2009,77.48
XF,IBRD only,2009,154.52
IS,Iceland,2009,123.85
ZT,IDA & IBRD total,2009,125.29
XH,IDA blend,2009,66.71
XI,IDA only,2009,19.25
XG,IDA total,2009,35.19
IN,India,2009,167.46
ID,Indonesia,2009,181.64
IR,"Iran, Islamic Rep.",2009,75.98
IQ,Iraq,2009,72.49
IE,Ireland,2009,477.37
IL,Israel,2009,200.46
IT,Italy,2009,120.11
JM,Jamaica,2009,58.19
JP,Japan,2009,238.93
JO,Jordan,2009,394.86
KZ,Kazakhstan,2009,1.97
KE,Kenya,2009,31.86
KR,"Korea, Rep.",2009,331.96
KW,Kuwait,2009,57.14
KG,Kyrgyz Republic,2009,22.07
V3,Late-demographic dividend,2009,188.89
ZJ,Latin America & Caribbean,2009,88.93
XJ,Latin America & Caribbean (excluding high income),2009,101.87
T2,Latin America & the Caribbean (IDA & IBRD countries),2009,90.49
LV,Latvia,2009,64.88
LB,Lebanon,2009,234.29
LY,Libya,2009,33.67
LT,Lithuania,2009,44.26
XO,Low & middle income,2009,127.64
XM,Low income,2009,10.68
XN,Lower middle income,2009,115.61
LU,Luxembourg,2009,244.58
MK,"Macedonia, FYR",2009,56.7
MG,Madagascar,2009,2.27
MW,Malawi,2009,30.85
MY,Malaysia,2009,1527.6
MV,Maldives,2009,98.5
ML,Mali,2009,6.09
MT,Malta,2009,54.25
MU,Mauritius,2009,227.96
MX,Mexico,2009,51.92
ZQ,Middle East & North Africa,2009,82.28
XQ,Middle East & North Africa (excluding high income),2009,81.59
T3,Middle East & North Africa (IDA & IBRD countries),2009,81.59
XP,Middle income,2009,142.98
MD,Moldova,2009,9.36
MN,Mongolia,2009,12.17
MA,Morocco,2009,41.07
MZ,Mozambique,2009,4.03
MM,Myanmar,2009,6.24
"NA",Namibia,2009,1.59
NP,Nepal,2009,18.2
NL,Netherlands,2009,238.17
NC,New Caledonia,2009,99.41
NZ,New Zealand,2009,1271.82
NI,Nicaragua,2009,34.69
NE,Niger,2009,0.35
NG,Nigeria,2009,5.26
XU,North America,2009,98.44
NO,Norway,2009,179.13
OE,OECD members,2009,103.09
OM,Oman,2009,632.43
PK,Pakistan,2009,144.33
PA,Panama,2009,47.55
PG,Papua New Guinea,2009,103.85
PY,Paraguay,2009,62.73
PE,Peru,2009,93.16
PH,Philippines,2009,121.45
PL,Poland,2009,147.27
PT,Portugal,2009,118.57
V4,Post-demographic dividend,2009,97.3
V1,Pre-demographic dividend,2009,8.61
QA,Qatar,2009,3301.72
RO,Romania,2009,48.49
RU,Russian Federation,2009,15.62
RW,Rwanda,2009,1.29
WS,Samoa,2009,4.43
SA,Saudi Arabia,2009,43.82
SN,Senegal,2009,6.37
SC,Seychelles,2009,52
SG,Singapore,2009,4663.33
SK,Slovak Republic,2009,78.31
SI,Slovenia,2009,233.83
ZA,South Africa,2009,60.25
8S,South Asia,2009,157.76
T5,South Asia (IDA & IBRD),2009,157.76
ES,Spain,2009,96.93
LK,Sri Lanka,2009,281.38
KN,St. Kitts and Nevis,2009,12.75
ZG,Sub-Saharan Africa,2009,12.43
ZF,Sub-Saharan Africa (excluding high income),2009,12.43
T6,Sub-Saharan Africa (IDA & IBRD countries),2009,12.43
SD,Sudan,2009,7.96
SR,Suriname,2009,158.29
SE,Sweden,2009,64.01
CH,Switzerland,2009,190.83
SY,Syrian Arab Republic,2009,65.42
TJ,Tajikistan,2009,64.11
TZ,Tanzania,2009,7.52
TH,Thailand,2009,122.06
TG,Togo,2009,6.16
TO,Tonga,2009,261.41
TT,Trinidad and Tobago,2009,274.96
TN,Tunisia,2009,43.53
TR,Turkey,2009,104.57
UG,Uganda,2009,2.08
UA,Ukraine,2009,27.3
AE,United Arab Emirates,2009,1324.85
GB,United Kingdom,2009,239.87
US,United States,2009,108.49
XT,Upper middle income,2009,165.17
UY,Uruguay,2009,93.93
VE,"Venezuela, RB",2009,166.18
VN,Vietnam,2009,407.72
1W,World,2009,119.58
YE,"Yemen, Rep.",2009,12.04
ZM,Zambia,2009,25.78
ZW,Zimbabwe,2009,28.78
AF,Afghanistan,2010,4.25
AL,Albania,2010,97.32
DZ,Algeria,2010,19.48
AO,Angola,2010,8.43
AG,Antigua and Barbuda,2010,3
1A,Arab World,2010,62.09
AR,Argentina,2010,39.18
AM,Armenia,2010,24.2
AU,Australia,2010,46.32
AT,Austria,2010,108.49
AZ,Azerbaijan,2010,9.95
BH,Bahrain,2010,1721.25
BD,Bangladesh,2010,212.96
BB,Barbados,2010,135.08
BY,Belarus,2010,270.46
BE,Belgium,2010,279.17
BZ,Belize,2010,58.01
BJ,Benin,2010,8.99
BT,Bhutan,2010,10.04
BO,Bolivia,2010,7.26
BA,Bosnia and Herzegovina,2010,81.53
BR,Brazil,2010,156.19
BN,Brunei Darussalam,2010,431.75
BG,Bulgaria,2010,97.05
BF,Burkina Faso,2010,9.43
BI,Burundi,2010,3.63
KH,Cambodia,2010,12.12
CM,Cameroon,2010,9.24
CA,Canada,2010,69.18
S3,Caribbean small states,2010,81.27
B8,Central Europe and the Baltics,2010,113.34
CL,Chile,2010,373.25
CN,China,2010,515.41
CO,Colombia,2010,585.19
CD,"Congo, Dem. Rep.",2010,1.1
CG,"Congo, Rep.",2010,0.54
CR,Costa Rica,2010,544.99
CI,Cote d'Ivoire,2010,32.09
HR,Croatia,2010,297.31
CU,Cuba,2010,29.89
CY,Cyprus,2010,202.77
CZ,Czech Republic,2010,95.85
DK,Denmark,2010,113.71
DM,Dominica,2010,52.17
DO,Dominican Republic,2010,107.01
V2,Early-demographic dividend,2010,122.17
Z4,East Asia & Pacific,2010,319.36
EC,Ecuador,2010,252.07
EG,"Egypt, Arab Rep.",2010,602.99
SV,El Salvador,2010,179.36
EE,Estonia,2010,68.39
ET,Ethiopia,2010,21.85
XC,Euro area,2010,156
Z7,Europe & Central Asia,2010,73.04
7E,Europe & Central Asia (excluding high income),2010,37.89
T7,Europe & Central Asia (IDA & IBRD countries),2010,45.09
EU,European Union,2010,147.03
FJ,Fiji,2010,16.35
FI,Finland,2010,124.08
FR,France,2010,150.54
PF,French Polynesia,2010,326.4
GA,Gabon,2010,3.16
GM,"Gambia, The",2010,7.3
GE,Georgia,2010,33.65
DE,Germany,2010,211.6
GH,Ghana,2010,18.7
GR,Greece,2010,122.5
GT,Guatemala,2010,189.15
GN,Guinea,2010,0.93
GY,Guyana,2010,39.32
XE,Heavily indebted poor countries (HIPC),2010,11.11
XD,High income,2010,112.62
HN,Honduras,2010,64.72
HK,"Hong Kong SAR, China",2010,616.29
HU,Hungary,2010,84.33
XF,IBRD only,2010,165.36
IS,Iceland,2010,148.7
ZT,IDA & IBRD total,2010,133.46
XH,IDA blend,2010,66.38
XI,IDA only,2010,21.52
XG,IDA total,2010,36.61
IN,India,2010,179.04
ID,Indonesia,2010,181.52
IR,"Iran, Islamic Rep.",2010,57.83
IQ,Iraq,2010,34.29
IE,Ireland,2010,462.44
IL,Israel,2010,206.4
IT,Italy,2010,122.75
JM,Jamaica,2010,62.62
JP,Japan,2010,259.83
JO,Jordan,2010,187.72
KZ,Kazakhstan,2010,2.05
KE,Kenya,2010,30.35
KR,"Korea, Rep.",2010,336.05
KW,Kuwait,2010,884
KG,Kyrgyz Republic,2010,22.66
V3,Late-demographic dividend,2010,203.08
ZJ,Latin America & Caribbean,2010,112.65
XJ,Latin America & Caribbean (excluding high income),2010,132.45
T2,Latin America & the Caribbean (IDA & IBRD countries),2010,114.4
LV,Latvia,2010,77.65
LB,Lebanon,2010,296.74
LY,Libya,2010,18.66
LT,Lithuania,2010,103.53
XO,Low & middle income,2010,135.79
XM,Low income,2010,11.66
XN,Lower middle income,2010,121.37
LU,Luxembourg,2010,258.19
MK,"Macedonia, FYR",2010,67.11
MG,Madagascar,2010,2.42
MW,Malawi,2010,35.38
MY,Malaysia,2010,2002.72
MV,Maldives,2010,94.36
ML,Mali,2010,19.6
MT,Malta,2010,63.77
MU,Mauritius,2010,163.2
MX,Mexico,2010,75.06
ZQ,Middle East & North Africa,2010,81.5
XQ,Middle East & North Africa (excluding high income),2010,77.44
T3,Middle East & North Africa (IDA & IBRD countries),2010,77.44
XP,Middle income,2010,152.41
MD,Moldova,2010,11.06
MN,Mongolia,2010,18.05
MA,Morocco,2010,57.17
MZ,Mozambique,2010,8.2
MM,Myanmar,2010,6.64
"NA",Namibia,2010,4.43
NP,Nepal,2010,25.09
NL,Netherlands,2010,293.33
NC,New Caledonia,2010,150
NZ,New Zealand,2010,1270.64
NI,Nicaragua,2010,34.74
NE,Niger,2010,0.5
NG,Nigeria,2010,12.21
XU,North America,2010,106.68
NO,Norway,2010,170
OE,OECD members,2010,115.13
OM,Oman,2010,113.88
PK,Pakistan,2010,138.3
PA,Panama,2010,63.76
PG,Papua New Guinea,2010,109.48
PY,Paraguay,2010,82.1
PE,Peru,2010,89.52
PH,Philippines,2010,151.44
PL,Poland,2010,180.48
PT,Portugal,2010,148.96
V4,Post-demographic dividend,2010,109.65
V1,Pre-demographic dividend,2010,10.86
QA,Qatar,2010,6714.85
RO,Romania,2010,52.55
RU,Russian Federation,2010,16.07
RW,Rwanda,2010,0.08
WS,Samoa,2010,2
SA,Saudi Arabia,2010,92.04
SN,Senegal,2010,8.2
SC,Seychelles,2010,32.22
SG,Singapore,2010,3131.25
SK,Slovak Republic,2010,85.06
SI,Slovenia,2010,266.57
ZA,South Africa,2010,53.78
8S,South Asia,2010,166.44
T5,South Asia (IDA & IBRD),2010,166.44
ES,Spain,2010,130.68
LK,Sri Lanka,2010,229.05
KN,St. Kitts and Nevis,2010,11.33
ZG,Sub-Saharan Africa,2010,14.99
ZF,Sub-Saharan Africa (excluding high income),2010,14.99
T6,Sub-Saharan Africa (IDA & IBRD countries),2010,14.99
SD,Sudan,2010,10.24
SR,Suriname,2010,211.93
SE,Sweden,2010,81.85
CH,Switzerland,2010,218.38
SY,Syrian Arab Republic,2010,33.02
TJ,Tajikistan,2010,60.6
TZ,Tanzania,2010,8.79
TH,Thailand,2010,162.16
TG,Togo,2010,8.96
TO,Tonga,2010,239.18
TT,Trinidad and Tobago,2010,659.68
TN,Tunisia,2010,40.4
TR,Turkey,2010,98.38
UG,Uganda,2010,1.72
UA,Ukraine,2010,32.66
AE,United Arab Emirates,2010,674.9
GB,United Kingdom,2010,251.93
US,United States,2010,117.12
XT,Upper middle income,2010,177.73
UY,Uruguay,2010,145.78
VE,"Venezuela, RB",2010,170.69
VN,Vietnam,2010,323.35
1W,World,2010,129.17
YE,"Yemen, Rep.",2010,19.46
ZM,Zambia,2010,29.17
ZW,Zimbabwe,2010,34.08
AF,Afghanistan,2011,6.61
AL,Albania,2011,97.14
DZ,Algeria,2011,17.49
AO,Angola,2011,11.98
AG,Antigua and Barbuda,2011,3.25
1A,Arab World,2011,71.54
AR,Argentina,2011,41.72
AM,Armenia,2011,27.37
AU,Australia,2011,45.28
AT,Austria,2011,103.39
AZ,Azerbaijan,2011,15.57
BH,Bahrain,2011,1178.12
BD,Bangladesh,2011,255.76
BB,Barbados,2011,96.27
BY,Belarus,2011,303.89
BE,Belgium,2011,286.2
BZ,Belize,2011,234.71
BJ,Benin,2011,4.3
BT,Bhutan,2011,13.05
BO,Bolivia,2011,8.02
BA,Bosnia and Herzegovina,2011,103.38
BR,Brazil,2011,183.01
BN,Brunei Darussalam,2011,117.5
BG,Bulgaria,2011,133.08
BF,Burkina Faso,2011,10.7
BI,Burundi,2011,5.63
KH,Cambodia,2011,16.28
CM,Cameroon,2011,11.04
CA,Canada,2011,84.08
S3,Caribbean small states,2011,75.46
B8,Central Europe and the Baltics,2011,115.19
CL,Chile,2011,492.56
CN,China,2011,533.41
CO,Colombia,2011,745.3
CD,"Congo, Dem. Rep.",2011,1.01
CG,"Congo, Rep.",2011,1.32
CR,Costa Rica,2011,712.54
CI,Cote d'Ivoire,2011,19.4
HR,Croatia,2011,311.01
CU,Cuba,2011,42.02
CY,Cyprus,2011,151.2
CZ,Czech Republic,2011,100.58
DK,Denmark,2011,112.85
DM,Dominica,2011,150.17
DO,Dominican Republic,2011,94.16
V2,Early-demographic dividend,2011,124.41
Z4,East Asia & Pacific,2011,321.48
EC,Ecuador,2011,275.36
EG,"Egypt, Arab Rep.",2011,602.87
SV,El Salvador,2011,186.78
EE,Estonia,2011,71.52
ET,Ethiopia,2011,20.82
XC,Euro area,2011,147.65
Z7,Europe & Central Asia,2011,72.59
7E,Europe & Central Asia (excluding high income),2011,40.06
T7,Europe & Central Asia (IDA & IBRD countries),2011,46.85
EU,European Union,2011,142.26
FJ,Fiji,2011,35.48
FI,Finland,2011,80.23
FR,France,2011,141.3
PF,French Polynesia,2011,305.2
GA,Gabon,2011,5.65
GM,"Gambia, The",2011,10.28
GE,Georgia,2011,114.46
DE,Germany,2011,191.49
GH,Ghana,2011,13.23
GR,Greece,2011,159.71
GT,Guatemala,2011,223.17
GN,Guinea,2011,3.58
GY,Guyana,2011,27.84
XE,Heavily indebted poor countries (HIPC),2011,11.2
XD,High income,2011,119.09
HN,Honduras,2011,104.07
HK,"Hong Kong SAR, China",2011,790.57
HU,Hungary,2011,93.29
XF,IBRD only,2011,170.95
IS,Iceland,2011,159.17
ZT,IDA & IBRD total,2011,137.31
XH,IDA blend,2011,62.26
XI,IDA only,2011,24.2
XG,IDA total,2011,37.03
IN,India,2011,180.75
ID,Indonesia,2011,198.42
IR,"Iran, Islamic Rep.",2011,31.73
IQ,Iraq,2011,39.1
IE,Ireland,2011,430.48
IL,Israel,2011,251.61
IT,Italy,2011,134.32
JM,Jamaica,2011,71.17
JP,Japan,2011,263.88
JO,Jordan,2011,1227.59
KZ,Kazakhstan,2011,3
KE,Kenya,2011,43.58
KR,"Korea, Rep.",2011,334.91
KW,Kuwait,2011,971.81
KG,Kyrgyz Republic,2011,19.17
V3,Late-demographic dividend,2011,211.26
ZJ,Latin America & Caribbean,2011,128.6
XJ,Latin America & Caribbean (excluding high income),2011,152.52
T2,Latin America & the Caribbean (IDA & IBRD countries),2011,130.37
LV,Latvia,2011,83.23
LB,Lebanon,2011,409.1
LY,Libya,2011,38.61
LT,Lithuania,2011,77.63
XO,Low & middle income,2011,139.82
XM,Low income,2011,12.05
XN,Lower middle income,2011,123.34
LU,Luxembourg,2011,270.61
MK,"Macedonia, FYR",2011,63.62
MG,Madagascar,2011,3.16
MW,Malawi,2011,29.52
MY,Malaysia,2011,1553.74
MV,Maldives,2011,36.67
ML,Mali,2011,22.01
MT,Malta,2011,91.85
MU,Mauritius,2011,243.23
MX,Mexico,2011,72.88
ZQ,Middle East & North Africa,2011,85.2
XQ,Middle East & North Africa (excluding high income),2011,75.79
T3,Middle East & North Africa (IDA & IBRD countries),2011,75.79
XP,Middle income,2011,157.41
MD,Moldova,2011,13.05
MN,Mongolia,2011,22.86
MA,Morocco,2011,59.12
MZ,Mozambique,2011,7.36
MM,Myanmar,2011,15
"NA",Namibia,2011,6.61
NP,Nepal,2011,35.81
NL,Netherlands,2011,246.81
NC,New Caledonia,2011,209.38
NZ,New Zealand,2011,1780.61
NI,Nicaragua,2011,51.57
NE,Niger,2011,0.49
NG,Nigeria,2011,6.56
XU,North America,2011,121.68
NO,Norway,2011,192.16
OE,OECD members,2011,120.73
OM,Oman,2011,653.6
PK,Pakistan,2011,128.52
PA,Panama,2011,37.43
PG,Papua New Guinea,2011,85.48
PY,Paraguay,2011,97.64
PE,Peru,2011,101.24
PH,Philippines,2011,144.86
PL,Poland,2011,169.74
PT,Portugal,2011,132.51
V4,Post-demographic dividend,2011,117.09
V1,Pre-demographic dividend,2011,10.4
QA,Qatar,2011,12755.08
RO,Romania,2011,54.13
RU,Russian Federation,2011,16.41
RW,Rwanda,2011,0.1
WS,Samoa,2011,1.88
SA,Saudi Arabia,2011,148.32
SN,Senegal,2011,6.83
SC,Seychelles,2011,321.43
SG,Singapore,2011,4373.02
SK,Slovak Republic,2011,95.94
SI,Slovenia,2011,256.51
ZA,South Africa,2011,60.34
8S,South Asia,2011,168.21
T5,South Asia (IDA & IBRD),2011,168.21
ES,Spain,2011,122.62
LK,Sri Lanka,2011,257.31
KN,St. Kitts and Nevis,2011,10.4
ZG,Sub-Saharan Africa,2011,14.2
ZF,Sub-Saharan Africa (excluding high income),2011,14.2
T6,Sub-Saharan Africa (IDA & IBRD countries),2011,14.2
SD,Sudan,2011,8.08
SR,Suriname,2011,206.29
SE,Sweden,2011,85.21
CH,Switzerland,2011,208.96
SY,Syrian Arab Republic,2011,49.72
TJ,Tajikistan,2011,66.79
TZ,Tanzania,2011,8.61
TH,Thailand,2011,159.17
TG,Togo,2011,10.2
TO,Tonga,2011,108.35
TT,Trinidad and Tobago,2011,111.24
TN,Tunisia,2011,51.42
TR,Turkey,2011,89.94
UG,Uganda,2011,1.76
UA,Ukraine,2011,38.87
AE,United Arab Emirates,2011,757.65
GB,United Kingdom,2011,238.7
US,United States,2011,132.33
XT,Upper middle income,2011,185.38
UY,Uruguay,2011,131.59
VE,"Venezuela, RB",2011,170.37
VN,Vietnam,2011,309.55
1W,World,2011,133.91
YE,"Yemen, Rep.",2011,12.4
ZM,Zambia,2011,46.15
ZW,Zimbabwe,2011,26.55
